P-nummer,Startdato,Ophørsdato,Navn,Adresse,Postnr.,By,Hovedbranche,Telefonnr,Email,Reklamebeskyttet,Address_full,Address_full_2,Coordinates,Lat,Lon
1023342525,01.10.2017,,Group Procurement,Engelsholmvej 28,8940,Randers,101110 Forarbejdning af svinekød,89191123.0,sumi@danishcrown.dk,Nej,"Engelsholmvej 28, 8940 Auning","Engelsholmvej 28, 8940 Randers","28, Engelsholmvej, Sønder Borup, Randers, Randers Kommune, Region Midtjylland, 8940, Danmark",56.415908,10.06879
1019284944,01.01.2014,,Concepcion Pimentel Schallert,Auningvej 3,8963,Auning,101110 Forarbejdning af svinekød,,concepcionp3@rougsoes.net,Ja,"Auningvej 3, 8963 Hadsten","Auningvej 3, 8963 Auning",,,
1006345209,01.09.1999,,Jensens Slagtehus Morten Enggrob Jensen,Rigtrupvej 44  -  Voldum,8370,Hadsten,101110 Forarbejdning af svinekød,,information@jensens-slagtehus.dk,Nej,"Rigtrupvej 44  -  Voldum, 8370 Sæby","Rigtrupvej 44  -  Voldum, 8370 Hadsten",,,
1016497157,10.12.2010,,Danish Crown A/S,Wenbovej 9,9300,Sæby,101110 Forarbejdning af svinekød,89191919.0,dc@danishcrown.dk,Nej,"Wenbovej 9, 9300 Holeby","Wenbovej 9, 9300 Sæby","Wenbovej, Langtved, Sæby, Frederikshavn Kommune, Region Nordjylland, 9300, Danmark",57.3322496,10.5124545
1011359872,26.05.2005,,SLAGTER ENGDAHL ApS,Industriparken 10  -  Holeby,4960,Holeby,101110 Forarbejdning af svinekød,,,Nej,"Industriparken 10  -  Holeby, 4960 Vinderup","Industriparken 10  -  Holeby, 4960 Holeby",,,
1009201935,01.01.2002,,SEVEL SLAGTERI A/S,Søgårdvej 28  -  Søgård,7830,Vinderup,101110 Forarbejdning af svinekød,97448308.0,sevelslagteri@sevelslagteri.dk,Nej,"Søgårdvej 28  -  Søgård, 7830 Holstebro","Søgårdvej 28  -  Søgård, 7830 Vinderup",,,
1017816078,18.07.2012,,MOESGAARD MEAT 2012 A/S,Naurvej 3A,7500,Holstebro,101110 Forarbejdning af svinekød,,,Nej,"Naurvej 3A, 7500 Randers","Naurvej 3A, 7500 Holstebro","3A, Naurvej, Strovstrup, Idom Kirkeby, Holstebro Kommune, Region Midtjylland, 7500, Danmark",56.376528,8.517437
1017997676,15.10.2012,,Danish Crown A/S,Tulipvej 1,8940,Randers,101110 Forarbejdning af svinekød,,,Nej,"Tulipvej 1, 8940 Jerslev","Tulipvej 1, 8940 Randers","1, Tulipvej, Sønder Borup, Randers, Randers Kommune, Region Midtjylland, 8940, Danmark",56.412565,10.063672
1020245014,05.03.2015,,Hvidebæk Slagteri og Pølsefabrik ApS,Industrivej 17D  -  Ubby,4490,Jerslev,101110 Forarbejdning af svinekød,,,Nej,"Industrivej 17D  -  Ubby, 4490 Brørup","Industrivej 17D  -  Ubby, 4490 Jerslev","Industrivej, Jerslev, Kelleklinte, Ubby, Kalundborg Kommune, Region Sjælland, 4490, Danmark",55.6139471,11.2163612
1024192039,01.01.2019,,"Tican Fresh Meat A/S, Brørup",Markedsvej 9,6650,Brørup,101110 Forarbejdning af svinekød,99192300.0,tican@tican.dk,Ja,"Markedsvej 9, 6650 Tommerup","Markedsvej 9, 6650 Brørup","9, Markedsvej, Brørup, Vejen Kommune, Region Syddanmark, 6650, Danmark",55.482877,9.011014
1013712804,10.09.2007,,GRAMBOGÅRD A/S,Ellehaven 55,5690,Tommerup,101110 Forarbejdning af svinekød,64761577.0,,Nej,"Ellehaven 55, 5690 Broby","Ellehaven 55, 5690 Tommerup",,,
1010467043,22.03.2004,,VESTER HÆSINGE SLAGTERFORRETNING ApS,Birkevej 37  -  V Hæsinge,5672,Broby,101110 Forarbejdning af svinekød,62631353.0,vhslagter@mail.dk,Nej,"Birkevej 37  -  V Hæsinge, 5672 Thisted","Birkevej 37  -  V Hæsinge, 5672 Broby","Birkevej, Vester Hæsinge, Faaborg-Midtfyn Kommune, Region Syddanmark, 5672, Danmark",55.2084289,10.2483908
1005064899,19.04.1999,,Grillslagteren ApS,c/o Lars Jakobsen -   Kirkebyvej 6  -  Nors,7700,Thisted,101110 Forarbejdning af svinekød,97981777.0,,Nej,"c/o Lars Jakobsen -   Kirkebyvej 6  -  Nors, 7700 Asnæs",   Kirkebyvej 6  ,"6, Kirkebyvej, Hvam Stationsby, Viborg Kommune, Region Midtjylland, 9620, Danmark",56.662906,9.513238
1013560656,28.08.2007,,Høve Slagteri Kød Engros,Høvevej 65,4550,Asnæs,101110 Forarbejdning af svinekød,,,Nej,"Høvevej 65, 4550 Ikast","Høvevej 65, 4550 Asnæs","65, Høvevej, Høve, Asnæs, Odsherred Kommune, Region Sjælland, 4550, Danmark",55.836033,11.486765
1025719774,13.04.2020,,Slagter Kristian Sand Olesen,Brandevej 24,7430,Ikast,101110 Forarbejdning af svinekød,,ks.olesen@hotmail.com,Ja,"Brandevej 24, 7430 Esbjerg","Brandevej 24, 7430 Ikast","24, Brandevej, Ikast-Brande Kommune, Region Midtjylland, 7430, Danmark",56.075891,9.145044
1023432966,14.09.2017,,DANISH CROWN A/S,Gammelby Ringvej 1,6700,Esbjerg,101110 Forarbejdning af svinekød,89191223.0,sumi@danishcrown.dk,Ja,"Gammelby Ringvej 1, 6700 Sorø","Gammelby Ringvej 1, 6700 Esbjerg","1, Gammelby Ringvej, Rørkjær, Esbjerg, Esbjerg Kommune, Region Syddanmark, 6700, Danmark",55.462987,8.46148
1024912236,08.08.2019,,Den tørrede gris,c/o Niels Bjerregård Pedersen -   St. Ladegårdsvej 8,4180,Sorø,101110 Forarbejdning af svinekød,23262216.0,Skovgrisen@gmail.com,Ja,"c/o Niels Bjerregård Pedersen -   St. Ladegårdsvej 8, 4180 Tommerup","   St. Ladegårdsvej 8, 4180 Sorø","8, Store Ladegårdsvej, Knudstrup, Broby Overdrev, Sorø Kommune, Region Sjælland, 4180, Danmark",55.41963,11.614354
1025466515,01.01.2020,,Grambogård,Ellehaven 55,5690,Tommerup,101110 Forarbejdning af svinekød,,,Ja,"Ellehaven 55, 5690 Jerslev","Ellehaven 55, 5690 Tommerup",,,
1022802999,01.09.2017,,Hvidebæk Meat ApS,Industrivej 17D  -  Ubby,4490,Jerslev,101110 Forarbejdning af svinekød,,,Nej,"Industrivej 17D  -  Ubby, 4490 København","Industrivej 17D  -  Ubby, 4490 Jerslev","Industrivej, Jerslev, Kelleklinte, Ubby, Kalundborg Kommune, Region Sjælland, 4490, Danmark",55.6139471,11.2163612
1019812223,01.06.2014,,Danish Crown A/S,Flæsketorvet 41,1711,København,101110 Forarbejdning af svinekød,89191919.0,hekn@danishcrown.dk,Nej,"Flæsketorvet 41, 1711 Herning","Flæsketorvet 41, 1711 København","41, Flæsketorvet, Kødbyen, København, Københavns Kommune, Region Hovedstaden, 1711, Danmark",55.668222,12.560374
1022193070,01.04.2017,,Danish Crown Foods A/S,Danmarksgade 22,7400,Herning,101110 Forarbejdning af svinekød,89105000.0,tulip@tulip.dk,Ja,"Danmarksgade 22, 7400 Skanderborg","Danmarksgade 22, 7400 Herning","22, Danmarksgade, Herning, Herning Kommune, Region Midtjylland, 7400, Danmark",56.133382,8.982235
1020799249,08.10.2015,,Hårby Slagteren IVS,Den Grønne Vej 1  -  Hårby,8660,Skanderborg,101110 Forarbejdning af svinekød,86523010.0,hs-slagteri@hotmail.dk,Ja,"Den Grønne Vej 1  -  Hårby, 8660 Sønderborg","Den Grønne Vej 1  -  Hårby, 8660 Skanderborg",,,
1016497165,10.12.2010,,Danish Crown A/S,Langbro 7,6400,Sønderborg,101110 Forarbejdning af svinekød,89191919.0,dc@danishcrown.dk,Nej,"Langbro 7, 6400 Grenaa","Langbro 7, 6400 Sønderborg","7, Langbro, Danish Crown, Ballebro, Sønderborg Kommune, Region Syddanmark, 6400, Danmark",54.981859,9.654773
1010043448,01.09.2003,,Grenaa Slagtehus I/S v/Tage Sehested Severinsen og Peder Bertelsen,c/o Peder Bertelsen -   Tempovej 18,8500,Grenaa,101110 Forarbejdning af svinekød,86327032.0,mail@grenaaslagtehus.dk,Nej,"c/o Peder Bertelsen -   Tempovej 18, 8500 Sæby","   Tempovej 18, 8500 Grenaa","18, Tempovej, Grenå, Robstrup, Grenaa, Norddjurs Kommune, Region Midtjylland, 8500, Danmark",56.422701,10.902901
1020368930,01.05.2015,,Sæby Gårdslagteri I/S,Ålborgvej 108,9300,Sæby,101110 Forarbejdning af svinekød,60443804.0,kontakt@saebygaardslagteri.dk,Ja,"Ålborgvej 108, 9300 Holstebro","Ålborgvej 108, 9300 Sæby","108, Ålborgvej, Gunhildsbro, Sæby, Frederikshavn Kommune, Region Nordjylland, 9300, Danmark",57.319789,10.474976
1020670734,24.08.2015,,HP Production ApS,Naurvej 3A,7500,Holstebro,101110 Forarbejdning af svinekød,97432326.0,moesgaard@moesgaard-meat.dk,Nej,"Naurvej 3A, 7500 Glumsø","Naurvej 3A, 7500 Holstebro","3A, Naurvej, Strovstrup, Idom Kirkeby, Holstebro Kommune, Region Midtjylland, 7500, Danmark",56.376528,8.517437
1000519483,01.01.1989,,GLUMSØ SLAGTEHUS APS,Søvej 5,4171,Glumsø,101110 Forarbejdning af svinekød,57646003.0,,Nej,"Søvej 5, 4171 Asnæs","Søvej 5, 4171 Glumsø","5, Søvej, Glumsø, Næstved Kommune, Region Sjælland, 4171, Danmark",55.350791,11.690383
1000777366,01.11.1990,,HØVE SLAGTERI,c/o Slagtermester Jan Lund -   Høvevej 65,4550,Asnæs,101110 Forarbejdning af svinekød,,,Nej,"c/o Slagtermester Jan Lund -   Høvevej 65, 4550 Bredebro","   Høvevej 65, 4550 Asnæs","65, Høvevej, Høve, Asnæs, Odsherred Kommune, Region Sjælland, 4550, Danmark",55.836033,11.486765
1015694293,01.12.2009,,Hjemmeslagter Martin Jørgensen,Harres 4,6261,Bredebro,101110 Forarbejdning af svinekød,73710044.0,martinhjemmeslagter@sol.dk,Nej,"Harres 4, 6261 Rønne","Harres 4, 6261 Bredebro","4, Harres, Bredebro, Tønder Kommune, Region Syddanmark, 6261, Danmark",55.057086,8.780033
1016458798,22.11.2010,,Danish Crown A/S,Haslevej 19,3700,Rønne,101110 Forarbejdning af svinekød,89191919.0,,Nej,"Haslevej 19, 3700 Haderslev","Haslevej 19, 3700 Rønne","19, Haslevej, Rønne, Bornholms Regionskommune, Region Hovedstaden, 3700, Danmark",55.112271,14.70383
1019567547,18.07.2014,,Ømands I/S,Sønder Vilstrup Bygade 1B,6100,Haderslev,101110 Forarbejdning af svinekød,,aungstrup@gmail.com,Nej,"Sønder Vilstrup Bygade 1B, 6100 Faaborg","Sønder Vilstrup Bygade 1B, 6100 Haderslev","1B, Sønder Vilstrup Bygade, Sønder Vilstrup, Haderslev Kommune, Region Syddanmark, 6100, Danmark",55.191685,9.516777
1016458771,22.11.2010,,Danish Crown A/S,Havnegade 5,5600,Faaborg,101110 Forarbejdning af svinekød,89191919.0,,Nej,"Havnegade 5, 5600 Ulfborg","Havnegade 5, 5600 Faaborg","5, Havnegade, Sandegyde, Rallebæk, Faaborg, Faaborg-Midtfyn Kommune, Region Syddanmark, 5600, Danmark",55.09611,10.237623
1011531276,18.07.2005,,Smedegård v/ John Kristian Jensen,Kytterupvej 11,6990,Ulfborg,101110 Forarbejdning af svinekød,,,Nej,"Kytterupvej 11, 6990 Ringsted","Kytterupvej 11, 6990 Ulfborg","Kytterupvej, Ulfborg Kirkeby, Holstebro Kommune, Region Midtjylland, Danmark",56.3019656,8.3372115
1016497149,10.12.2010,,Danish Crown A/S,Bragesvej 18,4100,Ringsted,101110 Forarbejdning af svinekød,89191919.0,dc@danishcrown.dk,Nej,"Bragesvej 18, 4100 Holstebro","Bragesvej 18, 4100 Ringsted","18, Bragesvej, Balstrup, Ringsted, Ringsted Kommune, Region Sjælland, 4100, Danmark",55.429278,11.798537
1021863153,19.10.2016,,Riberholdt Consulting,Hvalfisken 11,7500,Holstebro,101110 Forarbejdning af svinekød,30142120.0,idomlund@gmail.com,Ja,"Hvalfisken 11, 7500 Svendborg","Hvalfisken 11, 7500 Holstebro","11, Hvalfisken, Kusken, Mejrup Kirkeby, Holstebro Kommune, Region Midtjylland, 7500, Danmark",56.367858,8.666986
1001113788,01.10.1992,,INCO SVENDBORG SLAGTEHUS A/S,Porthusvej 75,5700,Svendborg,101110 Forarbejdning af svinekød,62213278.0,,Nej,"Porthusvej 75, 5700 Thisted","Porthusvej 75, 5700 Svendborg","75, Porthusvej, Tved Skovhaver, Heldager, Svendborg, Svendborg Kommune, Region Syddanmark, 5700, Danmark",55.073755,10.609686
1009320225,18.09.2002,,TICAN FRESH MEAT THISTED A/S,Strandvejen 6,7700,Thisted,101110 Forarbejdning af svinekød,99192300.0,TICAN@TICAN.DK,Nej,"Strandvejen 6, 7700 Skærbæk","Strandvejen 6, 7700 Thisted","6, Strandvejen, Tingstrup, Thisted, Thisted Kommune, Region Nordjylland, 7700, Danmark",56.954275,8.69977
1016497173,10.12.2010,,Danish Crown A/S,Åbenråvej 11,6780,Skærbæk,101110 Forarbejdning af svinekød,89191919.0,dc@danishcrown.dk,Nej,"Åbenråvej 11, 6780 Ulfborg","Åbenråvej 11, 6780 Skærbæk","11, Åbenråvej, Skærbæk, Tønder Kommune, Region Syddanmark, 6780, Danmark",55.155712,8.776351
1013067070,01.04.2007,,Ulfborg Slagteri v/Per O Nielsen,Industriarealet 40,6990,Ulfborg,101110 Forarbejdning af svinekød,97492200.0,,Nej,"Industriarealet 40, 6990 Randers","Industriarealet 40, 6990 Ulfborg",,,
1008535716,01.07.2001,,DANISH CROWN A/S,Marsvej 43,8960,Randers,101110 Forarbejdning af svinekød,89191919.0,gth@danishcrown.dki,Nej,"Marsvej 43, 8960 Herning","Marsvej 43, 8960 Randers","43, Marsvej, Kristrup, Randers, Randers Kommune, Region Midtjylland, 8960, Danmark",56.429993,10.059764
1016459085,22.11.2010,,Danish Crown A/S,Danmarksgade 22,7400,Herning,101110 Forarbejdning af svinekød,89191919.0,dc@danishcrown.dk,Nej,"Danmarksgade 22, 7400 Holsted","Danmarksgade 22, 7400 Herning","22, Danmarksgade, Herning, Herning Kommune, Region Midtjylland, 7400, Danmark",56.133382,8.982235
1018525883,30.05.2013,,Danish Crown A/S SD Holsted,Energivej 5 - 7,6670,Holsted,101110 Forarbejdning af svinekød,,,Nej,"Energivej 5 - 7, 6670 Brøndby","Energivej 5 - 7, 6670 Holsted","Energivej, Holsted, Vejen Kommune, Region Syddanmark, 6670, Danmark",55.5234272,8.9110035
1019250810,01.01.2013,,ESS-Food,Kirkebjerg Parkvej 9,2605,Brøndby,101110 Forarbejdning af svinekød,,,Nej,"Kirkebjerg Parkvej 9, 2605 Horsens","Kirkebjerg Parkvej 9, 2605 Brøndby","9, Kirkebjerg Parkvej, Kirkebjerg Erhvervsområde, Brøndby Kommune, Region Hovedstaden, 2605, Danmark",55.659378,12.395431
1016497483,10.12.2010,,Danish Crown A/S,Østbirkvej 2,8700,Horsens,101110 Forarbejdning af svinekød,89191919.0,dc@danishcrown.dk,Nej,"Østbirkvej 2, 8700 Kolding","Østbirkvej 2, 8700 Horsens","2, Østbirkvej, Rådved, Horsens, Horsens Kommune, Region Midtjylland, 8700, Danmark",55.916709,9.82756
1022193119,01.04.2017,,Danish Crown Foods A/S,Ndr. Havnevej 1,6000,Kolding,101110 Forarbejdning af svinekød,89105000.0,tulip@tulip.dk,Ja,"Ndr. Havnevej 1, 6000 Randbøl","Ndr. Havnevej 1, 6000 Kolding","1, Nordre Havnevej, Tved, Kolding, Kolding Kommune, Region Syddanmark, 6000, Danmark",55.495083,9.492563
1000523430,08.05.1989,,DANEPORK A/S,Tørskindvej 19,7183,Randbøl,101110 Forarbejdning af svinekød,75883866.0,info@danepork.dk,Nej,"Tørskindvej 19, 7183 Hadsten","Tørskindvej 19, 7183 Randbøl",,,
1023591738,07.05.2018,,Jensen's Slagtehus ApS,Rigtrupvej 44  -  Voldum,8370,Hadsten,101110 Forarbejdning af svinekød,86491416.0,information@jensens-slagtehus.dk,Ja,"Rigtrupvej 44  -  Voldum, 8370 Kolding","Rigtrupvej 44  -  Voldum, 8370 Hadsten",,,
1016497254,10.12.2010,,Danish Crown A/S,Ndr. Havnevej 1,6000,Kolding,101110 Forarbejdning af svinekød,89191919.0,dc@danishcrown.dk,Nej,"Ndr. Havnevej 1, 6000 Jerslev","Ndr. Havnevej 1, 6000 Kolding","1, Nordre Havnevej, Tved, Kolding, Kolding Kommune, Region Syddanmark, 6000, Danmark",55.495083,9.492563
1009181136,01.01.2002,,Selskabet af 01.01.2002 ApS,Industrivej 17D  -  Ubby,4490,Jerslev,101110 Forarbejdning af svinekød,59596200.0,berit@hvidebaek-slagteri.dk,Nej,"Industrivej 17D  -  Ubby, 4490 Birkerød","Industrivej 17D  -  Ubby, 4490 Jerslev","Industrivej, Jerslev, Kelleklinte, Ubby, Kalundborg Kommune, Region Sjælland, 4490, Danmark",55.6139471,11.2163612
1020443983,01.06.2015,02.06.2018,Kød og Honningvin,c/o Glenn Nielsen -   Teglværksvej 48 -  st. mf.,3460,Birkerød,101110 Forarbejdning af svinekød,,Pletskudet2k@hotmail.com,Ja,"c/o Glenn Nielsen -   Teglværksvej 48 -  st. mf., 3460 Sindal",   Teglværksvej 48 ,"48, Teglværksvej, Teglværksgården, Roskilde Syd, Roskilde, Roskilde Kommune, Region Sjælland, 4000, Danmark",55.604879,12.074244
1018534998,01.07.2013,31.12.2017,Sindal Slagtehus,Nejstvej 99,9870,Sindal,101110 Forarbejdning af svinekød,,info@sindalslagtehus.dk,Nej,"Nejstvej 99, 9870 Løsning","Nejstvej 99, 9870 Sindal","Nejstvej, Sekshusene, Sindal, Hjørring Kommune, Region Nordjylland, 9870, Danmark",57.4818512,10.2418538
1003084683,02.10.1972,31.01.2014,ANDELSSELSKABET AF 2. JULI 2012,Dakavej 10,8723,Løsning,101110 Forarbejdning af svinekød,76745111.0,,Nej,"Dakavej 10, 8723 Holstebro","Dakavej 10, 8723 Løsning","10, Dakavej, Krollerup, Løsning, Hedensted Kommune, Region Midtjylland, 8723, Danmark",55.799625,9.671237
1016497467,10.12.2010,31.12.2014,Danish Crown A/S,Vendersgade 23 - 25,7500,Holstebro,101110 Forarbejdning af svinekød,89191919.0,dc@danishcrown.dk,Nej,"Vendersgade 23 - 25, 7500 Vojens","Vendersgade 23 - 25, 7500 Holstebro","Vendersgade, Vestermark, Holstebro, Holstebro Kommune, Region Midtjylland, 7500, Danmark",56.3669217,8.6199588
1002965293,10.02.2000,15.09.2010,DANISH CROWN AMBA,Trekanten 23,6500,Vojens,101110 Forarbejdning af svinekød,73543200.0,dc@danishcrown.dk,Nej,"Trekanten 23, 6500 Holstebro","Trekanten 23, 6500 Vojens",,,
1013568673,24.08.2007,16.11.2015,MOESGAARD MEAT A/S,Naurvej 17,7500,Holstebro,101110 Forarbejdning af svinekød,97432326.0,,Nej,"Naurvej 17, 7500 Skanderborg","Naurvej 17, 7500 Holstebro","Naurvej, Naur, Krunderup, Holstebro Kommune, Region Midtjylland, Danmark",56.3904774,8.5272974
1004790754,01.10.1998,26.08.2010,VOERLADEGAARD SLAGER A/S,Holmedal 28  -  Voerladegård,8660,Skanderborg,101110 Forarbejdning af svinekød,75782040.0,,Nej,"Holmedal 28  -  Voerladegård, 8660 Bjerringbro","Holmedal 28  -  Voerladegård, 8660 Skanderborg","28, Holmedal, Voerladegård, Skanderborg Kommune, Region Midtjylland, 8660, Danmark",56.024133,9.73074
1005700071,01.04.1991,06.07.2010,SLAGTERISELSKABET DANISH CROWN AMBA SVINEDIVISION NORD,Østergade 8,8850,Bjerringbro,101110 Forarbejdning af svinekød,,,Nej,"Østergade 8, 8850 Nykøbing","Østergade 8, 8850 Bjerringbro","8, Østergade, Nøddelund, Bjerringbro, Viborg Kommune, Region Midtjylland, 8850, Danmark",56.375179,9.661068
1009669333,31.01.2003,03.07.2013,MORSØ SLAGTERI OG KØDENGROS ApS,Food Parken 3  -  Tødsø,7900,Nykøbing,101110 Forarbejdning af svinekød,97720074.0,,Nej,"Food Parken 3  -  Tødsø, 7900 Skærbæk","Food Parken 3  -  Tødsø, 7900 Nykøbing",,,
1002965426,10.02.2000,31.12.2010,DANISH CROWN AMBA,Åbenråvej 11,6780,Skærbæk,101110 Forarbejdning af svinekød,73953700.0,dc@danishcrown.dk,Nej,"Åbenråvej 11, 6780 Vrå","Åbenråvej 11, 6780 Skærbæk","11, Åbenråvej, Skærbæk, Tønder Kommune, Region Syddanmark, 6780, Danmark",55.155712,8.776351
1015952039,06.04.2010,30.09.2010,Norwest Foods International ltd,c/o Danish Meat CompanyA/S C.Sørensen -   Nygade 5 - 7,9760,Vrå,101110 Forarbejdning af svinekød,96248500.0,ces@d-m-c.dk,Nej,"c/o Danish Meat CompanyA/S C.Sørensen -   Nygade 5 - 7, 9760 Rønne",   Nygade 5 ,"5, Nygade, Christianshavn, København, Københavns Kommune, Region Hovedstaden, 1164, Danmark",55.678209,12.573571
1018202898,17.01.2013,17.01.2013,Daka Proteins Nyker,Buldregårdsvej 2,3700,Rønne,101110 Forarbejdning af svinekød,76745111.0,jhb@kromannreumert.com,Nej,"Buldregårdsvej 2, 3700 Holstebro","Buldregårdsvej 2, 3700 Rønne",,,
1016689706,01.04.2011,30.09.2012,KS Kød I/S,Hvamvej 23,7500,Holstebro,101110 Forarbejdning af svinekød,40102617.0,,Nej,"Hvamvej 23, 7500 Ringe","Hvamvej 23, 7500 Holstebro","23, Hvamvej, Hvam Mejeriby, Holstebro Kommune, Region Midtjylland, 7500, Danmark",56.409374,8.730635
1003029226,02.09.1968,16.11.2012,SKOVGAARD'S SLAGTERI OG KØDOPSKÆRING A/S,Industrivej 7,5750,Ringe,101110 Forarbejdning af svinekød,62621096.0,,Nej,"Industrivej 7, 5750 Viborg","Industrivej 7, 5750 Ringe","7, Industrivej, Gluemose, Ringe, Faaborg-Midtfyn Kommune, Region Syddanmark, 5750, Danmark",55.24836,10.486534
1003030557,10.02.2000,14.09.2010,DANISH CROWN AMBA,Trekronervej 8,8800,Viborg,101110 Forarbejdning af svinekød,87275500.0,,Nej,"Trekronervej 8, 8800 Skive","Trekronervej 8, 8800 Viborg","Trekronervej, Søndermarken, Viborg, Viborg Kommune, Region Midtjylland, 8800, Danmark",56.4484483,9.4014758
1003030545,10.02.2000,31.12.2010,DANISH CROWN AMBA,Brårupgade 3,7800,Skive,101110 Forarbejdning af svinekød,96145300.0,,Nej,"Brårupgade 3, 7800 Skive","Brårupgade 3, 7800 Skive","3, Brårupgade, Brårup, Skive, Skive Kommune, Region Midtjylland, 7800, Danmark",56.562411,9.035313
1016497491,10.12.2010,11.11.2014,Danish Crown A/S,Brårupgade 11,7800,Skive,101110 Forarbejdning af svinekød,89191919.0,dc@danishcrown.dk,Nej,"Brårupgade 11, 7800 Hillerød","Brårupgade 11, 7800 Skive","11, Brårupgade, Brårup, Skive, Skive Kommune, Region Midtjylland, 7800, Danmark",56.56159,9.035146
1007560059,01.04.2000,14.06.2016,NORDKØD ApS,Harløsevej 224,3400,Hillerød,101110 Forarbejdning af svinekød,48210417.0,,Nej,"Harløsevej 224, 3400 Kolding","Harløsevej 224, 3400 Hillerød","224, Harløsevej, Ny Harløse, Hillerød Kommune, Region Hovedstaden, 3400, Danmark",55.925241,12.218738
1004834384,10.02.2000,30.06.2008,DANISH CROWN AMBA,Jens Holms Vej 43,6000,Kolding,101110 Forarbejdning af svinekød,76337699.0,,Nej,"Jens Holms Vej 43, 6000 Assens","Jens Holms Vej 43, 6000 Kolding","Jens Holms Vej, Søndervang, Kolding, Kolding Kommune, Region Syddanmark, 6000, Danmark",55.4886821,9.4826328
1013653549,01.09.2007,31.01.2015,Hans Erik Kraaer,Prinsehøjsvej 4,5610,Assens,101110 Forarbejdning af svinekød,,,Nej,"Prinsehøjsvej 4, 5610 Ringsted","Prinsehøjsvej 4, 5610 Assens","4, Prinsehøjsvej, Bågø By, Assens Kommune, Region Syddanmark, 5610, Danmark",55.313915,9.807967
1018202863,17.01.2013,17.01.2013,Daka Bio-Industries Ortved,Hejdesvej 23  -  Ortved,4100,Ringsted,101110 Forarbejdning af svinekød,76745111.0,jhb@kromannreumert.com,Nej,"Hejdesvej 23  -  Ortved, 4100 Randers","Hejdesvej 23  -  Ortved, 4100 Ringsted","23, Hejdesvej, Valsølille, Ortved, Ringsted Kommune, Region Sjælland, 4100, Danmark",55.488785,11.846044
1003084713,01.01.1988,30.06.2012,DAKA A.M.B.A.,Kronjydevej 8  -  Assentoft Mk,8960,Randers,101110 Forarbejdning af svinekød,87959222.0,,Nej,"Kronjydevej 8  -  Assentoft Mk, 8960 Kolding","Kronjydevej 8  -  Assentoft Mk, 8960 Randers",,,
1012727255,02.11.2006,31.12.2010,Danish Crown,Ndr. Havnevej 1,6000,Kolding,101110 Forarbejdning af svinekød,76337699.0,,Nej,"Ndr. Havnevej 1, 6000 Ringsted","Ndr. Havnevej 1, 6000 Kolding","1, Nordre Havnevej, Tved, Kolding, Kolding Kommune, Region Syddanmark, 6000, Danmark",55.495083,9.492563
1003174303,01.01.1987,30.06.2012,DAKA A.M.B.A.,Hejdesvej 23  -  Ortved,4100,Ringsted,101110 Forarbejdning af svinekød,57528132.0,kambas@kambas.dk,Nej,"Hejdesvej 23  -  Ortved, 4100 Vrå","Hejdesvej 23  -  Ortved, 4100 Ringsted","23, Hejdesvej, Valsølille, Ortved, Ringsted Kommune, Region Sjælland, 4100, Danmark",55.488785,11.846044
1018059041,13.11.2012,14.08.2018,"DANISH MEAT COMPANY, VRAA A/S",Nygade 5 - 7,9760,Vrå,101110 Forarbejdning af svinekød,,,Nej,"Nygade 5 - 7, 9760 Vrå","Nygade 5 - 7, 9760 Vrå","Nygade, Vrå, Hjørring Kommune, Region Nordjylland, 9760, Danmark",57.3541415,9.9482124
1011751179,12.10.2005,11.12.2012,DANISH MEAT COMPANY A/S,Nygade 5 - 7,9760,Vrå,101110 Forarbejdning af svinekød,96248500.0,lunden@asdal.dk,Nej,"Nygade 5 - 7, 9760 Ulfborg","Nygade 5 - 7, 9760 Vrå","Nygade, Vrå, Hjørring Kommune, Region Nordjylland, 9760, Danmark",57.3541415,9.9482124
1007225314,11.11.1999,28.10.2009,EJENDOMSSELSKABET LASK ApS,c/o Lars Andersen -   Munkhulevej 5  -  Staby,6990,Ulfborg,101110 Forarbejdning af svinekød,,,Nej,"c/o Lars Andersen -   Munkhulevej 5  -  Staby, 6990 Tistrup",   Munkhulevej 5  ,"5, Munkhulevej, Tvind Skolerne, Holstebro Kommune, Region Midtjylland, 6990, Danmark",56.251983,8.231719
1009643466,01.01.2003,21.12.2009,"TAGMOSES SLAGTEHUS, TISTRUP ApS",Frejasvej 13,6862,Tistrup,101110 Forarbejdning af svinekød,75292172.0,,Nej,"Frejasvej 13, 6862 Hurup","Frejasvej 13, 6862 Tistrup",,,
1003030429,10.02.2000,15.09.2010,DANISH CROWN AMBA,Toftegade 48,7760,Hurup,101110 Forarbejdning af svinekød,96843500.0,,Nej,"Toftegade 48, 7760 Vejle","Toftegade 48, 7760 Hurup","48, Toftegade, Hurup Thy, Thisted Kommune, Region Nordjylland, 7760, Danmark",56.753043,8.418979
1017119075,14.09.2011,31.10.2019,TICAN FRESH MEAT VEJLE A/S,Skomagervej 11C,7100,Vejle,101110 Forarbejdning af svinekød,99192330.0,TICAN@TICAN.DK,Nej,"Skomagervej 11C, 7100 Struer","Skomagervej 11C, 7100 Vejle","11C, Skomagervej, Vinding, Vejle Kommune, Region Syddanmark, 7100, Danmark",55.682405,9.579956
1003030417,10.02.2000,18.10.2019,JUTLAND MEAT A/S,Havnevej 8,7600,Struer,101110 Forarbejdning af svinekød,96843500.0,vjs@foodane.com,Nej,"Havnevej 8, 7600 Sønder","Havnevej 8, 7600 Struer","8, Havnevej, Vejrum Kirkeby, Struer, Struer Kommune, Region Midtjylland, 7600, Danmark",56.492928,8.603027
1013320728,01.06.2007,09.05.2011,DANISH CROWN AMBA,Erhvervsparken 2,7280,Sønder,101110 Forarbejdning af svinekød,,,Nej,"Erhvervsparken 2, 7280 Horsens","Erhvervsparken 2, 7280 Sønder",,,
1010316592,01.01.2004,31.12.2010,DANISH CROWN AMBA,Østbirkvej 2,8700,Horsens,101110 Forarbejdning af svinekød,76688330.0,,Nej,"Østbirkvej 2, 8700 Rønne","Østbirkvej 2, 8700 Horsens","2, Østbirkvej, Rådved, Horsens, Horsens Kommune, Region Midtjylland, 8700, Danmark",55.916709,9.82756
1003174406,01.01.1987,31.12.2010,DANISH CROWN AMBA,Haslevej 19  -  Rønne,3700,Rønne,101110 Forarbejdning af svinekød,56945400.0,,Nej,"Haslevej 19  -  Rønne, 3700 Nykøbing","Haslevej 19  -  Rønne, 3700 Rønne","19, Haslevej, Rønne, Bornholms Regionskommune, Region Hovedstaden, 3700, Danmark",55.112271,14.70383
1003030569,10.02.2000,31.12.2010,DANISH CROWN AMBA,Maagevej 30,7900,Nykøbing,101110 Forarbejdning af svinekød,96702800.0,,Nej,"Maagevej 30, 7900 Vejle","Maagevej 30, 7900 Nykøbing","Maagevej, Gammel Vodstrup, Nykøbing M, Morsø Kommune, Region Nordjylland, 7900, Danmark",56.7887002,8.8538962
1012443796,01.01.2006,31.12.2009,DANISH CROWN AMBA,Tulipvej 10,7100,Vejle,101110 Forarbejdning af svinekød,,,Nej,"Tulipvej 10, 7100 Aabybro","Tulipvej 10, 7100 Vejle","10, Tulipvej, N1, Bredballe, Vejle Kommune, Region Syddanmark, 7100, Danmark",55.73513,9.56902
1002293074,05.01.2002,02.01.2011,DAT-SCHAUB A.M.B.A.,Mølhavevej 12B,9440,Aabybro,101110 Forarbejdning af svinekød,98242588.0,edidan@edidan.dk,Nej,"Mølhavevej 12B, 9440 Randers","Mølhavevej 12B, 9440 Aabybro","Mølhavevej, Havgårde, Aabybro, Jammerbugt Kommune, Region Nordjylland, 9440, Danmark",57.1513121,9.7420157
1018205277,17.01.2013,17.01.2013,Daka Bio-Industries Randers,Kronjydevej 8,8960,Randers,101110 Forarbejdning af svinekød,87959222.0,,Nej,"Kronjydevej 8, 8960 Esbjerg","Kronjydevej 8, 8960 Randers","8, Kronjydevej, Randers NØ, Randers, Randers Kommune, Region Midtjylland, 8960, Danmark",56.451585,10.127941
1016497289,10.12.2010,31.12.2014,DANISH CROWN A/S,Gammelby Ringvej 1,6700,Esbjerg,101110 Forarbejdning af svinekød,89191919.0,dc@danishcrown.dk,Nej,"Gammelby Ringvej 1, 6700 Skanderborg","Gammelby Ringvej 1, 6700 Esbjerg","1, Gammelby Ringvej, Rørkjær, Esbjerg, Esbjerg Kommune, Region Syddanmark, 6700, Danmark",55.462987,8.46148
1014251398,29.02.2008,21.12.2015,"H. S. SLAGTERI, SKANDERBORG ApS",Den Grønne Vej 1,8660,Skanderborg,101110 Forarbejdning af svinekød,,,Nej,"Den Grønne Vej 1, 8660 Brøndby","Den Grønne Vej 1, 8660 Skanderborg","1, Den Grønne Vej, Hemstok, Mesing, Skanderborg Kommune, Region Midtjylland, 8660, Danmark",56.081277,9.894588
1018235591,31.01.2013,31.10.2014,ESS-FOOD,Kirkebjerg Parkvej 9,2605,Brøndby,101110 Forarbejdning af svinekød,,,Nej,"Kirkebjerg Parkvej 9, 2605 Aarhus","Kirkebjerg Parkvej 9, 2605 Brøndby","9, Kirkebjerg Parkvej, Kirkebjerg Erhvervsområde, Brøndby Kommune, Region Hovedstaden, 2605, Danmark",55.659378,12.395431
1021753617,15.09.2016,31.12.2017,Danish Crown A/S,Skt. Knuds Torv 7 - 9,8000,Aarhus,101110 Forarbejdning af svinekød,89191919.0,,Nej,"Skt. Knuds Torv 7 - 9, 8000 Jyderup","Skt. Knuds Torv 7 - 9, 8000 Aarhus","Sankt Knuds Torv, Teghøj, Aarhus, Aarhus Kommune, Region Midtjylland, 8000, Danmark",56.1514561,10.2048699
1003215414,01.10.1992,19.06.2014,SKARRESØ PRIVATSLAGTERI A/S,Bødkervej 1,4450,Jyderup,101110 Forarbejdning af svinekød,59277200.0,,Nej,"Bødkervej 1, 4450 Gudme","Bødkervej 1, 4450 Jyderup","1, Bødkervej, Rådbjerg, Jyderup, Holbæk Kommune, Region Sjælland, 4450, Danmark",55.648706,11.431216
1000739803,01.08.1990,11.07.2017,GUDME PRIVATSLAGTERI ApS,Teglværksvej 89,5884,Gudme,101110 Forarbejdning af svinekød,62251081.0,johnf@nielsen.mail.dk,Nej,"Teglværksvej 89, 5884 Aalestrup","Teglværksvej 89, 5884 Gudme","89, Teglværksvej, Galdbjerg, Gudme, Svendborg Kommune, Region Syddanmark, 5884, Danmark",55.155059,10.701835
1007206433,11.10.1999,19.11.2017,Hvam Slagterhus I/S,Gl. Viborgvej 86,9620,Aalestrup,101110 Forarbejdning af svinekød,98648003.0,,Nej,"Gl. Viborgvej 86, 9620 Rødding","Gl. Viborgvej 86, 9620 Aalestrup",,,
1003030508,10.02.2000,31.12.2010,DANISH CROWN AMBA,Gl Hygumvej 5,6630,Rødding,101110 Forarbejdning af svinekød,74841124.0,,Nej,"Gl Hygumvej 5, 6630 Rødding","Gl Hygumvej 5, 6630 Rødding",,,
1016519975,20.12.2010,05.01.2012,Danish Crown A/S,Gl Hygumvej 5,6630,Rødding,101110 Forarbejdning af svinekød,89191919.0,dc@danishcrown.dk,Nej,"Gl Hygumvej 5, 6630 København","Gl Hygumvej 5, 6630 Rødding",,,
1013420587,03.07.2007,19.01.2009,JENS PEDERSEN & SØN. FEDEVARER & PØLEFABRIK A/S,Staldgade 38,1699,København,101110 Forarbejdning af svinekød,,,Nej,"Staldgade 38, 1699 Spøttrup","Staldgade 38, 1699 København","38, Staldgade, Kødbyen, Vesterbro, København, Københavns Kommune, Region Hovedstaden, 1699, Danmark",55.667772,12.562476
1019379384,02.05.2014,31.05.2015,Håsum Chacuteri,c/o Ulrik Lajgaard -   Landevejen 28,7860,Spøttrup,101110 Forarbejdning af svinekød,,ulriklajgaard@gmail.com,Nej,"c/o Ulrik Lajgaard -   Landevejen 28, 7860 Esbjerg","   Landevejen 28, 7860 Spøttrup",,,
1003030478,10.02.2000,31.12.2010,DANISH CROWN AMBA,Gammelby Ringvej 1,6700,Esbjerg,101110 Forarbejdning af svinekød,76126500.0,,Nej,"Gammelby Ringvej 1, 6700 Ringsted","Gammelby Ringvej 1, 6700 Esbjerg","1, Gammelby Ringvej, Rørkjær, Esbjerg, Esbjerg Kommune, Region Syddanmark, 6700, Danmark",55.462987,8.46148
1003174352,22.11.1976,31.12.2010,DANISH CROWN AMBA,Bragesvej 18,4100,Ringsted,101110 Forarbejdning af svinekød,63602100.0,,Nej,"Bragesvej 18, 4100 Vejen","Bragesvej 18, 4100 Ringsted","18, Bragesvej, Balstrup, Ringsted, Ringsted Kommune, Region Sjælland, 4100, Danmark",55.429278,11.798537
1014894620,01.12.2008,31.12.2012,Mobil Hjemmeslagt v/Brian Hald Thrane,Stationsvej 8  -  Andst,6600,Vejen,101110 Forarbejdning af svinekød,42390960.0,,Nej,"Stationsvej 8  -  Andst, 6600 Brørup","Stationsvej 8  -  Andst, 6600 Vejen","8, Stationsvej, Andst Stationsby, Vejen Kommune, Region Syddanmark, 6600, Danmark",55.47014,9.238377
1003147838,01.01.1991,08.01.2019,SB PORK A/S,Markedsvej 9,6650,Brørup,101110 Forarbejdning af svinekød,75381433.0,,Nej,"Markedsvej 9, 6650 Skanderborg","Markedsvej 9, 6650 Brørup","9, Markedsvej, Brørup, Vejen Kommune, Region Syddanmark, 6650, Danmark",55.482877,9.011014
1014251061,29.02.2008,16.04.2019,HÅRBY SLAGTEHUS ApS,Den Grønne Vej 1  -  Hårby,8660,Skanderborg,101110 Forarbejdning af svinekød,,,Nej,"Den Grønne Vej 1  -  Hårby, 8660 Helsinge","Den Grønne Vej 1  -  Hårby, 8660 Skanderborg",,,
1013368976,01.08.2007,31.12.2009,Jørgen Olsen,Elmekrogen 4,3200,Helsinge,101110 Forarbejdning af svinekød,21629620.0,jio@postil.tele.dk,Nej,"Elmekrogen 4, 3200 Kolding","Elmekrogen 4, 3200 Helsinge","4, Elmekrogen, Helsinge, Gribskov Kommune, Region Hovedstaden, 3200, Danmark",56.019965,12.185724
1019176416,03.03.2014,01.07.2016,Daka Denmark A/S,Overbyvej 8,6000,Kolding,101110 Forarbejdning af svinekød,76745111.0,daka@daka.dk,Nej,"Overbyvej 8, 6000 København","Overbyvej 8, 6000 Kolding","Overbyvej, Seest, Kolding, Kolding Kommune, Region Syddanmark, 6000, Danmark",55.4887272,9.433036
1015740449,28.12.2009,22.06.2012,AKTIESELSKABET AF 28. DECEMBER 2009,c/o Mazanti-Andersen -  Korsø Jensen & Partner -   Store Kongensgade 69,1264,København,101110 Forarbejdning af svinekød,,,Nej,"c/o Mazanti-Andersen -  Korsø Jensen & Partner -   Store Kongensgade 69, 1264 Holstebro",Andersen ,"Andersen, Lørenskog, Viken, 1474, Norge",59.8980953,10.9964757
1003030570,10.02.2000,31.12.2010,DANISH CROWN AMBA,Vendersgade 23 - 25,7500,Holstebro,101110 Forarbejdning af svinekød,96126300.0,,Nej,"Vendersgade 23 - 25, 7500 Spøttrup","Vendersgade 23 - 25, 7500 Holstebro","Vendersgade, Vestermark, Holstebro, Holstebro Kommune, Region Midtjylland, 7500, Danmark",56.3669217,8.6199588
1001246107,01.07.1993,31.03.2011,LYKKEBO V/PREBEN DAVIDSEN,Skivevej 76  -  Grove,7860,Spøttrup,101110 Forarbejdning af svinekød,,,Nej,"Skivevej 76  -  Grove, 7860 Rødekro","Skivevej 76  -  Grove, 7860 Spøttrup",,,
1001173232,01.04.1993,30.06.2009,CARL HERSE,Rævekærvej 4  -  Nørrehede,6230,Rødekro,101110 Forarbejdning af svinekød,74698121.0,,Nej,"Rævekærvej 4  -  Nørrehede, 6230 Sønderborg","Rævekærvej 4  -  Nørrehede, 6230 Rødekro",,,
1002965402,10.02.2000,31.12.2010,DANISH CROWN AMBA,Langbro 7  -  Blans,6400,Sønderborg,101110 Forarbejdning af svinekød,74461611.0,dc@danishcrown.dk,Nej,"Langbro 7  -  Blans, 6400 Slagelse","Langbro 7  -  Blans, 6400 Sønderborg","Langbro, Blans, Sønderborg Kommune, Region Syddanmark, Danmark",54.9867036,9.6607303
1023017551,01.11.2017,08.08.2018,Sties Multiservice,Koldingvej 27,4200,Slagelse,101110 Forarbejdning af svinekød,,leslie.stie@gmail.com,Ja,"Koldingvej 27, 4200 Thorsø","Koldingvej 27, 4200 Slagelse","27, Koldingvej, Slagelse, Slagelse Kommune, Region Sjælland, 4200, Danmark",55.417668,11.356952
1001774748,01.02.1987,31.12.2010,AIDT SLAGTEHUS V/DANNIE TOM JØRGENSEN,Bavnehøjvej 1  -  Aidt,8881,Thorsø,101110 Forarbejdning af svinekød,86966943.0,,Nej,"Bavnehøjvej 1  -  Aidt, 8881 Sæby","Bavnehøjvej 1  -  Aidt, 8881 Thorsø",,,
1002965451,10.02.2000,31.12.2010,DANISH CROWN AMBA,Wenbovej 9,9300,Sæby,101110 Forarbejdning af svinekød,96898400.0,,Nej,"Wenbovej 9, 9300 Randers","Wenbovej 9, 9300 Sæby","Wenbovej, Langtved, Sæby, Frederikshavn Kommune, Region Nordjylland, 9300, Danmark",57.3322496,10.5124545
1009221650,19.07.2002,08.09.2009,STEFF-HOULBERG A.M.B.A.,c/o DANISH CROWN AmbA -   Marsvej 43,8960,Randers,101110 Forarbejdning af svinekød,57616263.0,,Nej,"c/o DANISH CROWN AmbA -   Marsvej 43, 8960 Lunderskov","   Marsvej 43, 8960 Randers","43, Marsvej, Kristrup, Randers, Randers Kommune, Region Midtjylland, 8960, Danmark",56.429993,10.059764
1018202847,17.01.2013,17.01.2013,Daka Proteins Lunderskov,Dakavej 12,6640,Lunderskov,101110 Forarbejdning af svinekød,76745111.0,jhb@kromannreumert.com,Nej,"Dakavej 12, 6640 Nykøbing","Dakavej 12, 6640 Lunderskov","12, Dakavej, Skanderup Kirkeby, Lunderskov, Kolding Kommune, Region Syddanmark, 6640, Danmark",55.47705,9.313231
1021329831,25.02.2016,23.03.2018,Morsø Slagteri,Food Parken 3,7900,Nykøbing,101110 Forarbejdning af svinekød,,,Nej,"Food Parken 3, 7900 Vejle","Food Parken 3, 7900 Nykøbing",,,
1021759607,01.10.2016,30.11.2017,Danish Crown A/S,Tulipvej 10,7100,Vejle,101110 Forarbejdning af svinekød,,,Nej,"Tulipvej 10, 7100 Ejby","Tulipvej 10, 7100 Vejle","10, Tulipvej, N1, Bredballe, Vejle Kommune, Region Syddanmark, 7100, Danmark",55.73513,9.56902
1013797621,22.11.2007,26.04.2012,VESTFYENS SLAGTEHUS ApS,Industrivej 2,5592,Ejby,101110 Forarbejdning af svinekød,86255256.0,,Nej,"Industrivej 2, 5592 Holbæk","Industrivej 2, 5592 Ejby","2, Industrivej, Ejby industripark, Karlebjerg, Ejby, Middelfart Kommune, Region Syddanmark, 5592, Danmark",55.440784,9.944566
1003174388,01.01.1987,31.01.2009,DANISH CROWN AMBA,Vølundsvej 5,4300,Holbæk,101110 Forarbejdning af svinekød,59439600.0,,Nej,"Vølundsvej 5, 4300 Hadsund","Vølundsvej 5, 4300 Holbæk","5, Vølundsvej, Ladegårdsparken, Tveje Merløse, Holbæk, Holbæk Kommune, Region Sjælland, 4300, Danmark",55.712672,11.71088
1003055662,10.02.2000,31.12.2010,DANISH CROWN AMBA,Østre Alle 4,9560,Hadsund,101110 Forarbejdning af svinekød,96533900.0,,Nej,"Østre Alle 4, 9560 Løgumkloster","Østre Alle 4, 9560 Hadsund","4, Østre Alle, Søndergårde, Hadsund, Mariagerfjord Kommune, Region Nordjylland, 9560, Danmark",56.716021,10.116888
1004399491,01.02.1998,28.02.2018,Tonis Slagterhus v/Toni Abrahamsen,Stenagervej 4  -  Bedsted,6240,Løgumkloster,101110 Forarbejdning af svinekød,74777025.0,,Ja,"Stenagervej 4  -  Bedsted, 6240 Faaborg","Stenagervej 4  -  Bedsted, 6240 Løgumkloster",,,
1002965360,10.02.2000,04.04.2011,DANISH CROWN AMBA,Havnegade 5,5600,Faaborg,101110 Forarbejdning af svinekød,63612600.0,kim@danishcrown.dk,Nej,"Havnegade 5, 5600 Hadsund","Havnegade 5, 5600 Faaborg","5, Havnegade, Sandegyde, Rallebæk, Faaborg, Faaborg-Midtfyn Kommune, Region Syddanmark, 5600, Danmark",55.09611,10.237623
1016497181,10.12.2010,31.12.2013,Danish Crown A/S,Østre Alle 4,9560,Hadsund,101110 Forarbejdning af svinekød,89191919.0,dc@danishcrown.dk,Nej,"Østre Alle 4, 9560 Herning","Østre Alle 4, 9560 Hadsund","4, Østre Alle, Søndergårde, Hadsund, Mariagerfjord Kommune, Region Nordjylland, 9560, Danmark",56.716021,10.116888
1003030594,10.02.2000,31.12.2010,DANISH CROWN AMBA,Danmarksgade 22,7400,Herning,101110 Forarbejdning af svinekød,96274800.0,,Nej,"Danmarksgade 22, 7400 Ansager","Danmarksgade 22, 7400 Herning","22, Danmarksgade, Herning, Herning Kommune, Region Midtjylland, 7400, Danmark",56.133382,8.982235
1017119059,14.09.2011,31.12.2018,TICAN FRESH MEAT ANSAGER A/S,Åvænget 9,6823,Ansager,101110 Forarbejdning af svinekød,99192330.0,tican@tican.dk,Nej,"Åvænget 9, 6823 Lunderskov","Åvænget 9, 6823 Ansager","9, Åvænget, Ansager, Varde Kommune, Region Syddanmark, 6823, Danmark",55.706985,8.748688
1003084725,01.01.1988,13.06.2019,Daka Denmark A/S,Dakavej 12,6640,Lunderskov,101110 Forarbejdning af svinekød,76840333.0,,Nej,"Dakavej 12, 6640 Skanderborg","Dakavej 12, 6640 Lunderskov","12, Dakavej, Skanderup Kirkeby, Lunderskov, Kolding Kommune, Region Syddanmark, 6640, Danmark",55.47705,9.313231
1008481527,01.06.2001,28.02.2008,"HÅRBY SLAGTEHUS, SKANDERBORG ApS",Den Grønne Vej 1  -  Hårby,8660,Skanderborg,101110 Forarbejdning af svinekød,86523933.0,,Nej,"Den Grønne Vej 1  -  Hårby, 8660 Hasselager","Den Grønne Vej 1  -  Hårby, 8660 Skanderborg",,,
1020831398,09.10.2015,26.03.2020,XYÅ af 30.12.2018 A/S,Brunagervej 1  -  Kolt,8361,Hasselager,101110 Forarbejdning af svinekød,,,Nej,"Brunagervej 1  -  Kolt, 8361 Fjerritslev","Brunagervej 1  -  Kolt, 8361 Hasselager",,,
1017119032,14.09.2011,31.10.2019,TICAN FRESH MEAT FJERRITSLEV A/S,Grønnegade 21,9690,Fjerritslev,101110 Forarbejdning af svinekød,99192330.0,tican@tican.dk,Nej,"Grønnegade 21, 9690 Sæby","Grønnegade 21, 9690 Fjerritslev","21, Grønnegade, Fjerritslev, Jammerbugt Kommune, Region Nordjylland, 9690, Danmark",57.0874,9.257848
1019468786,01.06.2014,30.06.2020,Sæby Gårdslagteri,Hasselvej 2,9300,Sæby,101110 Forarbejdning af svinekød,60443804.0,logt@email.dk,Nej,"Hasselvej 2, 9300 ","Hasselvej 2, 9300 Sæby","2, Hasselvej, Øksenhede, Sæby, Frederikshavn Kommune, Region Nordjylland, 9300, Danmark",57.324578,10.489376
